Angel CD/|pricd016|Reggae_Rap|Angel_Lopez-Angel|Angel Lopez|George Oquendo|Reggae_Rap/pricd016-Angel_Lopez-Angel|'Reggae_Rap/pricd016-Angel_Lopez-Angel'|
BMC No Panic Zone/|prcd001|Reggaeton_Rap|Brewley_MC-No_Panic_Zone|Brewley MC|George Oquendo|Reggaeton_Rap/prcd001-Brewley_MC-No_Panic_Zone|'Reggaeton_Rap/prcd001-Brewley_MC-No_Panic_Zone'|
BMC Rub-a-Dub Style/|prcd003|Reggaeton_Rap|Brewley_MC-Rub_a_Dub_Style|Brewley MC|George Oquendo|Reggaeton_Rap/prcd003-Brewley_MC-Rub_a_Dub_Style|'Reggaeton_Rap/prcd003-Brewley_MC-Rub_a_Dub_Style'|
BMC Sigue batiendo/|prcd002|Reggaeton_Rap|Brewley_MC-Sigue_Batiendo|Brewley MC|George Oquendo|Reggaeton_Rap/prcd002-Brewley_MC-Sigue_Batiendo|'Reggaeton_Rap/prcd002-Brewley_MC-Sigue_Batiendo'|
CD COVERS/||||||other/CD COVERS/|'other/CD COVERS/'|
CF Cesar Flores/|prcd004|Merengue_Tropical|Cesar_Flores-Ceser_Flores|Cesar Flores||Merengue_Tropical/prcd004-Cesar_Flores-Ceser_Flores|'Merengue_Tropical/prcd004-Cesar_Flores-Ceser_Flores'|
CF Opus 3/|prcd006|Merengue_Tropical|Cesar_Flores-Cesar-Opus_3|Cesar Flores||Merengue_Tropical/prcd006-Cesar_Flores-Cesar-Opus_3|'Merengue_Tropical/prcd006-Cesar_Flores-Cesar-Opus_3'|
Caratulas Prime/||||||other/Caratulas Prime/|'other/Caratulas Prime/'|
Caratulas Prime/PR Covers 1/||||||other/Caratulas Prime/PR Covers 1/|'other/Caratulas Prime/PR Covers 1/'|
Caratulas Prime/PR Covers/||||||other/Caratulas Prime/PR Covers/|'other/Caratulas Prime/PR Covers/'|
Cesar Flores El Hijo del Jaya/|prcd005|Merengue_Tropical|Cesar_Flores-Cesar_Flores_El_Hijo_Del_Jaya|Cesar Flores||Merengue_Tropical/prcd005-Cesar_Flores-Cesar_Flores_El_Hijo_Del_Jaya|'Merengue_Tropical/prcd005-Cesar_Flores-Cesar_Flores_El_Hijo_Del_Jaya'|
DE/|prcd007|Latin_Jazz|Dario_Estrella-Merenge_Jazz_And_Capricornio|Dario_Estrella||Latin_Jazz/prcd007-Dario_Estrella-Merenge_Jazz_And_Capricornio|'Latin_Jazz/prcd007-Dario_Estrella-Merenge_Jazz_And_Capricornio'|
EZD/|prcd009|Reggaeton_Rap|EZD-Black_Dragon|EZD||Reggaeton_Rap/prcd009-EZD-Black_Dragon|'Reggaeton_Rap/prcd009-EZD-Black_Dragon'|
El General/|prcd008|Reggaeton|El_General-Estes_Buena|El General||Reggaeton/prcd008-El_General-Estes_Buena|'Reggaeton/prcd008-El_General-Estes_Buena'|
FF/prcd012|Reggaeton_Rap|Various-Funky_Fever||||Various-Funky_Fever/Reggaeton_Rap-|'Various-Funky_Fever/Reggaeton_Rap-'|
FK Menealo/|prcd013|Tropical_Reggaeton|Fransheska-Atrevette_A_Moverlo|Fransheska||Tropical_Reggaeton/prcd013-Fransheska-Atrevette_A_Moverlo|'Tropical_Reggaeton/prcd013-Fransheska-Atrevette_A_Moverlo'|
FK Sexy, Crazy Lady/|prcd014|Tropical_Reggaeton|Fransheska-Sexy_Crazy_Lady|Fransheska||Tropical_Reggaeton/prcd014-Fransheska-Sexy_Crazy_Lady|'Tropical_Reggaeton/prcd014-Fransheska-Sexy_Crazy_Lady'|
Falo En Guerra/|prcd010|Reggaeton_Rap|Falo-En_Guerra|Falo||Reggaeton_Rap/prcd010-Falo-En_Guerra|'Reggaeton_Rap/prcd010-Falo-En_Guerra'|
Falo Ritmo Profesional/|prcd011|Reggaeton_Rap|Falo-Ritmo-Professional|Falo||Reggaeton_Rap/prcd011-Falo-Ritmo-Professional|'Reggaeton_Rap/prcd011-Falo-Ritmo-Professional'|
Fransheska  Atrevete a moverlo/|pricd014|Tropical_Reggaeton|Fransheska-Atrevete_A_Moverlo|Fransheska||Tropical_Reggaeton/pricd014-Fransheska-Atrevete_A_Moverlo|'Tropical_Reggaeton/pricd014-Fransheska-Atrevete_A_Moverlo'|
Jakara/|prcd015|Tropical_Tipical|Jakarta-La_Cosa_Se_Pone_Buena|Jakarta||Tropical_Tipical/prcd015-Jakarta-La_Cosa_Se_Pone_Buena|'Tropical_Tipical/prcd015-Jakarta-La_Cosa_Se_Pone_Buena'|
Joey Tu mochila de amor/Mochila Pistas/||||||other/Joey Tu mochila de amor/Mochila Pistas/|'other/Joey Tu mochila de amor/Mochila Pistas/'|
Joey Tu mochila de amor/|prcd016|Tropical_Bachata|Joey-Tu_Mochila_De_Amor|||Tropical_Bachata/prcd016-Joey-Tu_Mochila_De_Amor|'Tropical_Bachata/prcd016-Joey-Tu_Mochila_De_Amor'|
Jákara Cuero Mongo/|prcd015|Tropical_Tipical|Jakara-Cuero_Mongo|||Tropical_Tipical/prcd015-Jakara-Cuero_Mongo|'Tropical_Tipical/prcd015-Jakara-Cuero_Mongo'|
KPP Double Impact/|prcd017|Reggaeton_Rap|Kid_Power_Posse-Double_Impact|Kid_Power_Posse||Reggaeton_Rap/prcd017-Kid_Power_Posse-Double_Impact|'Reggaeton_Rap/prcd017-Kid_Power_Posse-Double_Impact'|
KPP Los nenes de la Medicina/|prcd018|Reggaeron_Rap|Kid_Power_Posse-Los_Nenes_De_La_Medicina|||Reggaeron_Rap/prcd018-Kid_Power_Posse-Los_Nenes_De_La_Medicina|'Reggaeron_Rap/prcd018-Kid_Power_Posse-Los_Nenes_De_La_Medicina'|
KPP No More Games, We Came To Work/|prcd019|Reggaeton_Rap|Kid_Power_Posse-No_More_Games_We_Came_To_Work|Kid_Power_Posse||Reggaeton_Rap/prcd019-Kid_Power_Posse-No_More_Games_We_Came_To_Work|'Reggaeton_Rap/prcd019-Kid_Power_Posse-No_More_Games_We_Came_To_Work'|
KPP The Medicine/|prcd020|Reggaeton_Rap|Kid_Power_Posse-The_Medicine|Kid_Power_Posse||Reggaeton_Rap/prcd020-Kid_Power_Posse-The_Medicine|'Reggaeton_Rap/prcd020-Kid_Power_Posse-The_Medicine'|
LEY 7/||||||other/LEY 7/|'other/LEY 7/'|
LOS GLADIATORS FINAL/|pricd017|Reggaeton_Rap|Various-Los_Gladiators_Final|||Reggaeton_Rap/pricd017-Various-Los_Gladiators_Final|'Reggaeton_Rap/pricd017-Various-Los_Gladiators_Final'|
LOS GLADIATORS FINAL/LOS GLADIATORS MP3/||||||other/LOS GLADIATORS FINAL/LOS GLADIATORS MP3/|'other/LOS GLADIATORS FINAL/LOS GLADIATORS MP3/'|
LR Amor Acustico/|prcd024|Spanish_Rock|Luis_Rojas-Amor_Acustico|Luis Rojas||Spanish_Rock/prcd024-Luis_Rojas-Amor_Acustico|'Spanish_Rock/prcd024-Luis_Rojas-Amor_Acustico'|
LR Una Foto del planeta/|prcd025|Spanish_Rock|Luis_Rojas-Una_Foto_Del_Planeta|Luis Rojas||Spanish_Rock/prcd025-Luis_Rojas-Una_Foto_Del_Planeta|'Spanish_Rock/prcd025-Luis_Rojas-Una_Foto_Del_Planeta'|
LR Vampiros, angeles y vagabundos/|prcd026|Spanish_Rock|Luis_Rojas-Vampiros_Angeles_Y_Vagabundos|Luis Rojas||Spanish_Rock/prcd026-Luis_Rojas-Vampiros_Angeles_Y_Vagabundos|'Spanish_Rock/prcd026-Luis_Rojas-Vampiros_Angeles_Y_Vagabundos'|
La Nana/|prcd021|Reggaeton_Rap|La_Nane-Ya_Es_Hora|La Nana||Reggaeton_Rap/prcd021-La_Nane-Ya_Es_Hora|'Reggaeton_Rap/prcd021-La_Nane-Ya_Es_Hora'|
Lisa M/|prcd022|Reggaeton_Rap|Lisa_M_No_Lo_Derrumbes|Lisa M||Reggaeton_Rap/prcd022-Lisa_M_No_Lo_Derrumbes|'Reggaeton_Rap/prcd022-Lisa_M_No_Lo_Derrumbes'|
Los Kenton/prcd023|Reggaeton_Rap|Merenge_Tropical|Los_Kenton-Los_Kenton|Los Kenton||Merenge_Tropical/Reggaeton_Rap-Los_Kenton-Los_Kenton|'Merenge_Tropical/Reggaeton_Rap-Los_Kenton-Los_Kenton'|
Los Rebuleros/prcd024|Los_Rebuleros|||||/Los_Rebuleros-|'/Los_Rebuleros-'|
MC Reggae Non-Stop/|pricd018|Reggaeton_Rap|Various-MC_Reggae_Non_Stop|||Reggaeton_Rap/pricd018-Various-MC_Reggae_Non_Stop|'Reggaeton_Rap/pricd018-Various-MC_Reggae_Non_Stop'|
Mariachis Master/Mariachis Artwork/||||||other/Mariachis Master/Mariachis Artwork/|'other/Mariachis Master/Mariachis Artwork/'|
Mariachis Master/Mariachis Intro/||||||other/Mariachis Master/Mariachis Intro/|'other/Mariachis Master/Mariachis Intro/'|
Mariachis Master/Mariachis Intro/dj pangui/||||||other/Mariachis Master/Mariachis Intro/dj pangui/|'other/Mariachis Master/Mariachis Intro/dj pangui/'|
Mariachis Master/Mariachis Intro/dj pangui/FIN/||||||other/Mariachis Master/Mariachis Intro/dj pangui/FIN/|'other/Mariachis Master/Mariachis Intro/dj pangui/FIN/'|
Mariachis Master/Mariachis Master/||||||other/Mariachis Master/Mariachis Master/|'other/Mariachis Master/Mariachis Master/'|
Mariachis Master/Mariachis Sponsors/||||||other/Mariachis Master/Mariachis Sponsors/|'other/Mariachis Master/Mariachis Sponsors/'|
Mariachis Master/|prcd027|Reggaeton_Rap|Various-Los_Mariachis|||Reggaeton_Rap/prcd027-Various-Los_Mariachis|'Reggaeton_Rap/prcd027-Various-Los_Mariachis'|
Meren Rap 1/|prcd028|Tropical_Reggaeton|Various-Meren_Rap_1|||Tropical_Reggaeton/prcd028-Various-Meren_Rap_1|'Tropical_Reggaeton/prcd028-Various-Meren_Rap_1'|
Meren Rap 2/|prcd029|Tropical_Reggaeton|Various-Meren_Rap_2|||Tropical_Reggaeton/prcd029-Various-Meren_Rap_2|'Tropical_Reggaeton/prcd029-Various-Meren_Rap_2'|
Merengue Non Stop/|prcd030|Merengue_Tropical|Various-Merengue_NonStop|||Merengue_Tropical/prcd030-Various-Merengue_NonStop|'Merengue_Tropical/prcd030-Various-Merengue_NonStop'|
Merengue de PR DJ Edition/|pricd019|Merengue_Tropical|Various-Merenge_De_Puerto_Rico_DJ_Edition|||Merengue_Tropical/pricd019-Various-Merenge_De_Puerto_Rico_DJ_Edition|'Merengue_Tropical/pricd019-Various-Merenge_De_Puerto_Rico_DJ_Edition'|
Merengue de PR X-Mas/|pricd020|Merengue_Tropical|Various-Merende_De_Puerto_Rico_XMas_Party_Pack|||Merengue_Tropical/pricd020-Various-Merende_De_Puerto_Rico_XMas_Party_Pack|'Merengue_Tropical/pricd020-Various-Merende_De_Puerto_Rico_XMas_Party_Pack'|
Merenlove 2/|pricd021|Merengue_Tropical|Various-Merenlove_2|||Merengue_Tropical/pricd021-Various-Merenlove_2|'Merengue_Tropical/pricd021-Various-Merenlove_2'|
Merenlove 2/Merenlove 2/||||||other/Merenlove 2/Merenlove 2/|'other/Merenlove 2/Merenlove 2/'|
Merenlove 3/|pricd022|Merengue_Tropical|Various-Merenlove_3|||Merengue_Tropical/pricd022-Various-Merenlove_3|'Merengue_Tropical/pricd022-Various-Merenlove_3'|
Merenlove 3/Merenlove 3/||||||other/Merenlove 3/Merenlove 3/|'other/Merenlove 3/Merenlove 3/'|
Merenlove/Merenlove Production/||||||other/Merenlove/Merenlove Production/|'other/Merenlove/Merenlove Production/'|
Merenlove/|prcd031|Merengue_Tropical|Various-Merenlove|||Merengue_Tropical/prcd031-Various-Merenlove|'Merengue_Tropical/prcd031-Various-Merenlove'|
Michelangelo 2/|pricd022|Pop_Balada|Michelangelo-2|Michelangelo||Pop_Balada/pricd022-Michelangelo-2|'Pop_Balada/pricd022-Michelangelo-2'|
Michelangelo/|prcd032|Pop_Balada|Michelangelo-XII|Michelangelo||Pop_Balada/prcd032-Michelangelo-XII|'Pop_Balada/prcd032-Michelangelo-XII'|
Orlando Collado/|prcd033|Salsa_Tropical|Orlando_Collado-Y_No_Me_Importa|Orlando Collado||Salsa_Tropical/prcd033-Orlando_Collado-Y_No_Me_Importa|'Salsa_Tropical/prcd033-Orlando_Collado-Y_No_Me_Importa'|
PRIME VIDEOS/||||||other/PRIME VIDEOS/|'other/PRIME VIDEOS/'|
PU 1/|prcd034|Reggaeton_Rap|Various-Prime_Underground_1|||Reggaeton_Rap/prcd034-Various-Prime_Underground_1|'Reggaeton_Rap/prcd034-Various-Prime_Underground_1'|
PU 2/|prcd035|Reggaeton_Rap|Various-Prime_Underground_2|||Reggaeton_Rap/prcd035-Various-Prime_Underground_2|'Reggaeton_Rap/prcd035-Various-Prime_Underground_2'|
PU 3/|prcd036|Reggaeton_Rap|Various-Prime_Underground_3|||Reggaeton_Rap/prcd036-Various-Prime_Underground_3|'Reggaeton_Rap/prcd036-Various-Prime_Underground_3'|
PU 4/|prcd037|Reggaeton_Rap|Various-Prime_Underground_4|||Reggaeton_Rap/prcd037-Various-Prime_Underground_4|'Reggaeton_Rap/prcd037-Various-Prime_Underground_4'|
PU 5/|prcd038|Reggaeton_Rap|Various-Prime_Underground_5|||Reggaeton_Rap/prcd038-Various-Prime_Underground_5|'Reggaeton_Rap/prcd038-Various-Prime_Underground_5'|
PU Phat Hits/prcd039|Reggaeton_Rap|Various-Prime_Underground_Phat_Hits||||Various-Prime_Underground_Phat_Hits/Reggaeton_Rap-|'Various-Prime_Underground_Phat_Hits/Reggaeton_Rap-'|
Pistas de Reggaeton (Old School)/|pricd024|Reggaeton_Rap|Pistas_De_Reggaeton-Reggaeton_Beats_Old_School|||Reggaeton_Rap/pricd024-Pistas_De_Reggaeton-Reggaeton_Beats_Old_School|'Reggaeton_Rap/pricd024-Pistas_De_Reggaeton-Reggaeton_Beats_Old_School'|
Pistas de Reggaeton Vol. 1/|pricd025|Reggaeton_Rap|Pistas_De_Reggaeton-Reggaeton_Beats_Volumen_1|||Reggaeton_Rap/pricd025-Pistas_De_Reggaeton-Reggaeton_Beats_Volumen_1|'Reggaeton_Rap/pricd025-Pistas_De_Reggaeton-Reggaeton_Beats_Volumen_1'|
Pistas de Reggaeton Vol. 2/|pricd026|Reggaeton_Rap|Pistas_De_Reggaeton-Reggaeton_Beats_Volumen_2|||Reggaeton_Rap/pricd026-Pistas_De_Reggaeton-Reggaeton_Beats_Volumen_2|'Reggaeton_Rap/pricd026-Pistas_De_Reggaeton-Reggaeton_Beats_Volumen_2'|
Por Culpa De Melchor/|priep001|Merengue_Tropical|Son_A_Toa-Por_Culpa_De_Melchor|Jacob Ortig & Jeorge Oquendo  & Jesse Calderon & Pino & Refi Torres & Luis Rafael Torres||Merengue_Tropical/priep001-Son_A_Toa-Por_Culpa_De_Melchor|'Merengue_Tropical/priep001-Son_A_Toa-Por_Culpa_De_Melchor'|
Prime Catalogue Youtube/||||||other/Prime Catalogue Youtube/|'other/Prime Catalogue Youtube/'|
Prime Catalogue Youtube/AJ/||||||other/Prime Catalogue Youtube/AJ/|'other/Prime Catalogue Youtube/AJ/'|
Prime Catalogue Youtube/Audio Render Files/||||||other/Prime Catalogue Youtube/Audio Render Files/|'other/Prime Catalogue Youtube/Audio Render Files/'|
Prime Catalogue Youtube/Audio Render Files/C115 BassHall/||||||other/Prime Catalogue Youtube/Audio Render Files/C115 BassHall/|'other/Prime Catalogue Youtube/Audio Render Files/C115 BassHall/'|
Prime Catalogue Youtube/Audio Render Files/C92/||||||other/Prime Catalogue Youtube/Audio Render Files/C92/|'other/Prime Catalogue Youtube/Audio Render Files/C92/'|
Prime Catalogue Youtube/Audio Render Files/MFR SHOWS 1/||||||other/Prime Catalogue Youtube/Audio Render Files/MFR SHOWS 1/|'other/Prime Catalogue Youtube/Audio Render Files/MFR SHOWS 1/'|
Prime Catalogue Youtube/Audio Render Files/Prime YouTube/||||||other/Prime Catalogue Youtube/Audio Render Files/Prime YouTube/|'other/Prime Catalogue Youtube/Audio Render Files/Prime YouTube/'|
Prime Catalogue Youtube/Audio Render Files/STN SHOW/||||||other/Prime Catalogue Youtube/Audio Render Files/STN SHOW/|'other/Prime Catalogue Youtube/Audio Render Files/STN SHOW/'|
Prime Catalogue Youtube/Audio Render Files/TN@M/||||||other/Prime Catalogue Youtube/Audio Render Files/TN@M/|'other/Prime Catalogue Youtube/Audio Render Files/TN@M/'|
Prime Catalogue Youtube/Capture Scratch/||||||other/Prime Catalogue Youtube/Capture Scratch/|'other/Prime Catalogue Youtube/Capture Scratch/'|
Prime Catalogue Youtube/César Flores El hijo del Jaya/||||||other/Prime Catalogue Youtube/César Flores El hijo del Jaya/|'other/Prime Catalogue Youtube/César Flores El hijo del Jaya/'|
Prime Catalogue Youtube/El General YT/||||||other/Prime Catalogue Youtube/El General YT/|'other/Prime Catalogue Youtube/El General YT/'|
Prime Catalogue Youtube/KPP Los nenes de la medicina/||||||other/Prime Catalogue Youtube/KPP Los nenes de la medicina/|'other/Prime Catalogue Youtube/KPP Los nenes de la medicina/'|
Prime Catalogue Youtube/Los Gladiators/||||||other/Prime Catalogue Youtube/Los Gladiators/|'other/Prime Catalogue Youtube/Los Gladiators/'|
Prime Catalogue Youtube/Los Mariachis/||||||other/Prime Catalogue Youtube/Los Mariachis/|'other/Prime Catalogue Youtube/Los Mariachis/'|
Prime Catalogue Youtube/MerenRap 1/|pricd015|Reggaeton_Rap|Various-MerenRap_1|||Reggaeton_Rap/pricd015-Various-MerenRap_1|'Reggaeton_Rap/pricd015-Various-MerenRap_1'|
Prime Catalogue Youtube/Merengue de PR-Xmas Party Mix/||||||other/Prime Catalogue Youtube/Merengue de PR-Xmas Party Mix/|'other/Prime Catalogue Youtube/Merengue de PR-Xmas Party Mix/'|
Prime Catalogue Youtube/PU 1/||||||other/Prime Catalogue Youtube/PU 1/|'other/Prime Catalogue Youtube/PU 1/'|
Prime Catalogue Youtube/Render Files/||||||other/Prime Catalogue Youtube/Render Files/|'other/Prime Catalogue Youtube/Render Files/'|
Prime Catalogue Youtube/Render Files/Constant Frames/||||||other/Prime Catalogue Youtube/Render Files/Constant Frames/|'other/Prime Catalogue Youtube/Render Files/Constant Frames/'|
Prime Catalogue Youtube/Render Files/Prime YouTube/||||||other/Prime Catalogue Youtube/Render Files/Prime YouTube/|'other/Prime Catalogue Youtube/Render Files/Prime YouTube/'|
Prime Catalogue Youtube/Toño Rosario Videos/||||||other/Prime Catalogue Youtube/Toño Rosario Videos/|'other/Prime Catalogue Youtube/Toño Rosario Videos/'|
Prime Catalogue Youtube/Toño Rosario Amor Jollao/|pricd012|Merengue_Tropical|Tono_Rosario-Amor_Jollao|Tono Rosario||Merengue_Tropical/pricd012-Tono_Rosario-Amor_Jollao|'Merengue_Tropical/pricd012-Tono_Rosario-Amor_Jollao'|
Prime Catalogue Youtube/Toño Rosario Atado a tí/|pricd013|Merengue_Tropical|Tono_Rosario-Atado_A_Ti|Tono Rosario||Merengue_Tropical/pricd013-Tono_Rosario-Atado_A_Ti|'Merengue_Tropical/pricd013-Tono_Rosario-Atado_A_Ti'|
Prime Catalogue Youtube/Toño Rosario Me Olvidé de Vivir/||||||other/Prime Catalogue Youtube/Toño Rosario Me Olvidé de Vivir/|'other/Prime Catalogue Youtube/Toño Rosario Me Olvidé de Vivir/'|
Prime Catalogue Youtube/Vico-C Hispanic Soul/||||||other/Prime Catalogue Youtube/Vico-C Hispanic Soul/|'other/Prime Catalogue Youtube/Vico-C Hispanic Soul/'|
Prime Catalogue Youtube/Vico-C La Recta Final YT/||||||other/Prime Catalogue Youtube/Vico-C La Recta Final YT/|'other/Prime Catalogue Youtube/Vico-C La Recta Final YT/'|
Prime Catalogue Youtube/Vico-C Misión La Cima/||||||other/Prime Catalogue Youtube/Vico-C Misión La Cima/|'other/Prime Catalogue Youtube/Vico-C Misión La Cima/'|
Prime Catalogue Youtube/Vico-C Xplosión/||||||other/Prime Catalogue Youtube/Vico-C Xplosión/|'other/Prime Catalogue Youtube/Vico-C Xplosión/'|
RK 1/|prcd040|Merenge_Tropical|Ritmo_Kaliente-Ritmo_Kaliente|Ritmo Kaliente||Merenge_Tropical/prcd040-Ritmo_Kaliente-Ritmo_Kaliente|'Merenge_Tropical/prcd040-Ritmo_Kaliente-Ritmo_Kaliente'|
RK 2/|prcd041|Merenge_Tropical|Ritmo_Kaliente-Mas_Caliente_Que_Nunca|Ritmo Kaliente||Merenge_Tropical/prcd041-Ritmo_Kaliente-Mas_Caliente_Que_Nunca|'Merenge_Tropical/prcd041-Ritmo_Kaliente-Mas_Caliente_Que_Nunca'|
RL/|prcd042|Merenge_Tropical|Raza_Latina-Raza_Latina|||Merenge_Tropical/prcd042-Raza_Latina-Raza_Latina|'Merenge_Tropical/prcd042-Raza_Latina-Raza_Latina'|
RP/|prcd043|Reggaeton_Rap|Raking_Pulse-Shake_You_Down|Raking Pulse||Reggaeton_Rap/prcd043-Raking_Pulse-Shake_You_Down|'Reggaeton_Rap/prcd043-Raking_Pulse-Shake_You_Down'|
Reggaeton University 101/||||||other/Reggaeton University 101/|'other/Reggaeton University 101/'|
Reggaeton/||||||other/Reggaeton/|'other/Reggaeton/'|
SON A TOA Por Culpa de Melchor/||||||other/SON A TOA Por Culpa de Melchor/|'other/SON A TOA Por Culpa de Melchor/'|
Spanglish/|prcd044|Reggaeton_Rap|Various-Spanglish_Roots_N_Hall|||Reggaeton_Rap/prcd044-Various-Spanglish_Roots_N_Hall|'Reggaeton_Rap/prcd044-Various-Spanglish_Roots_N_Hall'|
TONO PISTAS/||||||other/TONO PISTAS/|'other/TONO PISTAS/'|
TR Amor Jollao/|prcd047|Merengue_Tropical|Tono_Rosario-Merengue_Tropical|Tono Rosario||Merengue_Tropical/prcd047-Tono_Rosario-Merengue_Tropical|'Merengue_Tropical/prcd047-Tono_Rosario-Merengue_Tropical'|
TR Atado a ti/|prcd048|Merengue_Tropical|Tono_Rosario-Atado_A_Ti|Tono Rosario||Merengue_Tropical/prcd048-Tono_Rosario-Atado_A_Ti|'Merengue_Tropical/prcd048-Tono_Rosario-Atado_A_Ti'|
TR Huevo 1/|pricd0027|Merenge_Tropical|Tono_Rosario-TR_Huevo_1|Tono Rosario||Merenge_Tropical/pricd0027-Tono_Rosario-TR_Huevo_1|'Merenge_Tropical/pricd0027-Tono_Rosario-TR_Huevo_1'|
TR Huevo 2/|pricd028|Merenge_Tropical|Tono_Rosario-TR_Huevo_2|Tono Rosario||Merenge_Tropical/pricd028-Tono_Rosario-TR_Huevo_2|'Merenge_Tropical/pricd028-Tono_Rosario-TR_Huevo_2'|
TR LIVE NEW/||||||other/TR LIVE NEW/|'other/TR LIVE NEW/'|
TR LIVE NEW/TR LIVE Vol 1/|pricd029|Merenge_Tropical|Tono_Rosario-TR_LIVE_Vol_1|Tono Rosario||Merenge_Tropical/pricd029-Tono_Rosario-TR_LIVE_Vol_1|'Merenge_Tropical/pricd029-Tono_Rosario-TR_LIVE_Vol_1'|
TR LIVE NEW/TR LIVE Vol 2/|pricd030|Merenge_Tropical|Tono_Rosario-TR_LIVE_Vol_1|Tono Rosario||Merenge_Tropical/pricd030-Tono_Rosario-TR_LIVE_Vol_1|'Merenge_Tropical/pricd030-Tono_Rosario-TR_LIVE_Vol_1'|
TR LIVE NEW/TR LIVE Vol 3/|pricd031|Merenge_Tropical|Tono_Rosario-TR_LIVE_Vol_1|Tono Rosario||Merenge_Tropical/pricd031-Tono_Rosario-TR_LIVE_Vol_1|'Merenge_Tropical/pricd031-Tono_Rosario-TR_LIVE_Vol_1'|
TR LIVE/|prcd049|Merengue_Tropical|Tono_Rosario-Los_Mega_Exitos_En_Vivo|Tono Rosario||Merengue_Tropical/prcd049-Tono_Rosario-Los_Mega_Exitos_En_Vivo|'Merengue_Tropical/prcd049-Tono_Rosario-Los_Mega_Exitos_En_Vivo'|
TR Me olvideo de vivir/|prcd050|Merengue_Tropical|Tono_Rosario-Me_Olivide_De_Vivir|Tono Rosario||Merengue_Tropical/prcd050-Tono_Rosario-Me_Olivide_De_Vivir|'Merengue_Tropical/prcd050-Tono_Rosario-Me_Olivide_De_Vivir'|
TR Retorno a las raices/|prcd051|Merengue_Tropical|Tono_Rosario-Retorni_a_Las_Raices|Tono Rosario||Merengue_Tropical/prcd051-Tono_Rosario-Retorni_a_Las_Raices|'Merengue_Tropical/prcd051-Tono_Rosario-Retorni_a_Las_Raices'|
TR Tono Rosario y mas/|prcd052|Merengue_Tropical|Tono_Rosario-Y_Mas|||Merengue_Tropical/prcd052-Tono_Rosario-Y_Mas|'Merengue_Tropical/prcd052-Tono_Rosario-Y_Mas'|
TRL3 Master/||||||other/TRL3 Master/|'other/TRL3 Master/'|
Tagwut/|prcd045|Reggaeton_Rap|Tagwut-Tagwut|Tagwut||Reggaeton_Rap/prcd045-Tagwut-Tagwut|'Reggaeton_Rap/prcd045-Tagwut-Tagwut'|
The New Generation/|prcd046|Reggaeton_Rap|Various-The_New_Generation|||Reggaeton_Rap/prcd046-Various-The_New_Generation|'Reggaeton_Rap/prcd046-Various-The_New_Generation'|
Triple X/|prcd053|Reggaeton_Rap|Triple_X-Harry_Digital_Sexy_Boy|Triple X||Reggaeton_Rap/prcd053-Triple_X-Harry_Digital_Sexy_Boy|'Reggaeton_Rap/prcd053-Triple_X-Harry_Digital_Sexy_Boy'|
VC Dos Tiempos (Bajo un mismo tono)/|prcd054|Reggaeton_Rap|Vico_C-Dos_Tiempos_Bajo_Un_Mismo_Tono|Vico C||Reggaeton_Rap/prcd054-Vico_C-Dos_Tiempos_Bajo_Un_Mismo_Tono|'Reggaeton_Rap/prcd054-Vico_C-Dos_Tiempos_Bajo_Un_Mismo_Tono'|
VC Explosion/|pricd032|Reggaeton_Rap|Vico_C-Explosion|Vico C||Reggaeton_Rap/pricd032-Vico_C-Explosion|'Reggaeton_Rap/pricd032-Vico_C-Explosion'|
VC Greatest Hits/|prcd055|Reggaeton_Rap|Vico_C-Greatist_Hits|Vico C||Reggaeton_Rap/prcd055-Vico_C-Greatist_Hits|'Reggaeton_Rap/prcd055-Vico_C-Greatist_Hits'|
VC Hispanic Soul/|prcd056|Reggaeton_Rap|Vico_C-Hispanic_Soul|Vico C||Reggaeton_Rap/prcd056-Vico_C-Hispanic_Soul|'Reggaeton_Rap/prcd056-Vico_C-Hispanic_Soul'|
VC La recta final/|prcd057|Reggaeton_Rap|Vico_C-La_Recta_Final|Vico C||Reggaeton_Rap/prcd057-Vico_C-La_Recta_Final|'Reggaeton_Rap/prcd057-Vico_C-La_Recta_Final'|
VC Mision La Cima/|prcd058|Reggaeton_Rap|Vico_C-La_Cima|Vico C||Reggaeton_Rap/prcd058-Vico_C-La_Cima|'Reggaeton_Rap/prcd058-Vico_C-La_Cima'|
Vico C The Digital Collection/|prcd059|Reggaeton_Rap|Vico_C-The_Digital_Collection|Vico C||Reggaeton_Rap/prcd059-Vico_C-The_Digital_Collection|'Reggaeton_Rap/prcd059-Vico_C-The_Digital_Collection'|
Wilma Rose/|prcd060|Merengue_Tropical|Wilma_Rose-Wilma_Rose|Wilma Rose||Merengue_Tropical/prcd060-Wilma_Rose-Wilma_Rose|'Merengue_Tropical/prcd060-Wilma_Rose-Wilma_Rose'|
Zacarias Ferreira Me liberé|pricd033|Zacarias_Fierreria-Me_Libere|Zacarias Ferreria|||Zacarias_Fierreria-Me_Libere/pricd033-Zacarias Ferreria|'Zacarias_Fierreria-Me_Libere/pricd033-Zacarias Ferreria'|
tono  viejos/||||||other/tono  viejos/|'other/tono  viejos/'|
